prefecture,section,pages
栃木県,bousai-anzen/index.html,1
栃木県,english/foreignlanguage.html,1
栃木県,fukushi/index.html,1
栃木県,g02/index.html,1
栃木県,g04/index.html,1
栃木県,g04/work,1
栃木県,g06/index.html,1
栃木県,g07/index.html,1
栃木県,g53/index.html,1
栃木県,g54/index.html,1
栃木県,g55/index.html,1
栃木県,g56/index.html,1
栃木県,g57/index.html,1
栃木県,g58/index.html,1
栃木県,g59,2
栃木県,g59/100_kensa,1
栃木県,g59/220_seisan,1
栃木県,g59/500_hanbai,1
栃木県,g59/boujo,2
栃木県,g59/documents,20
栃木県,g59/gaxtukaizaxtusi.html,1
栃木県,g59/greenagriculture.html,1
栃木県,g59/gyoumunenpo.html,1
栃木県,g59/ikuseihinsyu.html,1
栃木県,g59/index.html,1
栃木県,g59/kajyuseiiku.html,1
栃木県,g59/kenpou.html,1
栃木県,g59/koukai.html,1
栃木県,g59/koutekikenkyuuhi.html,1
栃木県,g59/mugiseiiku.html,1
栃木県,g59/nousinews,1
栃木県,g59/rinks.html,1
栃木県,g59/saibai.html,1
栃木県,g59/seikatop.html,1
栃木県,g59/sosiki.html,1
栃木県,g59/suitouseiiku.html,1
栃木県,g59/system,4
栃木県,g59/topix.html,1
栃木県,g59/tosyositu.html,1
栃木県,g61/index.html,1
栃木県,g63/index.html,1
栃木県,g65/index.html,1
栃木県,g66/index.html,1
栃木県,g68/index.html,1
栃木県,g70/index.html,1
栃木県,index.html,1
栃木県,juyo/index.html,1
栃木県,kensei/index.html,1
栃木県,kensei/kennososhiki,2
栃木県,kurashi/bousai,1
栃木県,kurashi/index.html,1
栃木県,kyouiku/index.html,1
栃木県,moji/index.html,1
栃木県,sangyou/index.html,1
栃木県,shakaikiban/index.html,1
